,0
0,cost center office business unit type
1,cost center business sub unit type
2,hierarchy
3,cost center hierarchy region business unit
4,cost center hierarchy business unit sub type
5,cost center hierarchy business unit type
6,hierarchy region
7,hierarchy region business unit
8,office business unit sub type
9,hierarchy region business unit sub
10,hierarchy office region business sub unit
11,office region type
12,cost center business unit
13,business unit sub
14,region
15,cost center hierarchy office business sub unit
16,hierarchy office business unit sub type
17,cost center business unit sub
18,hierarchy business sub unit type
19,hierarchy office region type
20,cost center region business sub unit
21,office
22,cost center hierarchy office region business sub unit
23,office business unit
24,cost center hierarchy business sub unit
25,region business sub unit type
26,hierarchy region type
27,hierarchy region business unit sub type
28,office region business unit sub
29,business unit
30,cost center hierarchy region type
31,cost center region business unit sub
32,hierarchy region business unit type
33,cost center type
34,office region business unit sub type
35,hierarchy office region business unit type
36,cost center hierarchy office region business unit sub type
37,cost center hierarchy region business unit type
38,hierarchy business unit
39,office business sub unit type
40,hierarchy office region business unit sub
41,cost center office type
42,hierarchy type
43,cost center hierarchy office business sub unit type
44,business unit type
45,hierarchy office business unit type
46,region business sub unit
47,hierarchy office business unit sub
48,cost center office business sub unit
49,cost center hierarchy
50,hierarchy business unit type
51,cost center business sub unit
52,region business unit type
53,cost center office business unit sub
54,office region business sub unit
55,hierarchy business unit sub
56,cost center region business sub unit type
57,cost center hierarchy region business unit sub
58,cost center hierarchy region business sub unit type
59,cost center hierarchy office business unit type
60,hierarchy region business sub unit type
61,hierarchy office region business sub unit type
62,cost center region type
63,cost center hierarchy office region business unit sub
64,business sub unit
65,cost center hierarchy business sub unit type
66,office business unit type
67,office business unit sub
68,hierarchy office
69,office region business sub unit type
70,cost center region business unit sub type
71,hierarchy business unit sub type
72,cost center hierarchy office business unit sub type
73,hierarchy office region business unit sub type
74,cost center office region business unit sub
75,hierarchy office region business unit
76,cost center office region business sub unit type
77,business sub unit type
78,hierarchy office business sub unit type
79,hierarchy office business sub unit
80,cost center
81,cost center hierarchy business unit sub
82,cost center hierarchy office region type
83,hierarchy office business unit
84,cost center hierarchy office business unit sub
85,cost center office region business sub unit
86,cost center hierarchy region business unit sub type
87,cost center region business unit type
88,office type
89,office region
90,hierarchy business sub unit
91,cost center hierarchy office region business sub unit type
92,hierarchy office type
93,cost center business unit sub type
94,cost center office business unit sub type
95,cost center hierarchy office business unit
96,cost center hierarchy office
97,cost center region business unit
98,cost center hierarchy office region business unit
99,cost center hierarchy office region
100,productivity user timesheet employee work
101,productivity timesheet
102,productivity word translate timesheet employee
103,productivity measure translate timesheet
104,productivity measure translate employee work
105,productivity measure user translate timesheet employee
106,translate productivity employee
107,productivity measure user translate employee work
108,timesheet productivity work
109,productivity translate timesheet employee
110,productivity user word translate employee work
111,productivity measure translate timesheet employee
112,productivity user translate employee
113,productivity measure word translate timesheet work
114,productivity user word employee
115,productivity measure word employee
116,productivity measure user word
117,productivity measure user translate timesheet employee work
118,productivity measure user word translate employee
119,productivity measure user timesheet employee work
120,productivity measure user translate
121,productivity user timesheet
122,productivity translate timesheet
123,productivity user
124,productivity user word translate employee
125,productivity word timesheet employee work
126,productivity measure user word employee work
127,productivity measure user word translate employee work
128,productivity timesheet employee work
129,productivity measure word employee work
130,productivity user word timesheet employee work
131,productivity word translate work
132,productivity user word employee work
133,productivity measure user word translate timesheet work
134,productivity user translate timesheet work
135,productivity measure word timesheet work
136,productivity user translate
137,productivity measure timesheet employee
138,productivity measure word translate employee work
139,productivity measure user translate timesheet work
140,productivity measure word timesheet employee work
141,productivity measure translate
142,translate timesheet productivity employee work
143,productivity measure employee
144,productivity user word timesheet work
145,productivity measure word translate timesheet employee work
146,productivity measure user word timesheet work
147,productivity measure employee work
148,productivity employee work
149,productivity measure user employee work
150,productivity measure user timesheet
151,productivity user word translate timesheet employee work
152,productivity measure timesheet employee work
153,productivity measure word translate employee
154,productivity measure user work
155,productivity measure word translate timesheet employee
156,productivity
157,productivity word translate timesheet
158,productivity user word translate timesheet
159,productivity measure user word translate work
160,productivity measure word translate work
161,productivity word timesheet work
162,productivity word timesheet
163,productivity word work
164,productivity user translate timesheet employee work
165,productivity word timesheet employee
166,productivity measure user word timesheet
167,productivity user word work
168,productivity measure user employee
169,productivity user translate timesheet
170,productivity user word translate work
171,productivity measure word translate timesheet
172,productivity user work
173,translate timesheet
174,productivity translate timesheet work
175,timesheet productivity employee work
176,productivity translate employee
177,productivity user word
178,productivity translate employee work
179,productivity word translate employee work
180,translate timesheet productivity employee
181,productivity measure user word timesheet employee
182,productivity work
183,translate
184,productivity user employee
185,productivity measure user translate employee
186,productivity translate timesheet employee work
187,productivity measure user timesheet employee
188,productivity translate
189,productivity word translate employee
190,productivity word employee work
191,translate productivity employee work
192,productivity measure word
193,productivity measure user word translate timesheet employee
194,productivity measure user word work
195,productivity user word timesheet
196,productivity user word timesheet employee
197,translate productivity work
198,productivity timesheet employee
199,productivity word translate timesheet employee work
200,employee user empower email cost center job title manager join date name
201,user name join date employee office
202,user employee empower email name department join date
203,user email office job title manager employee empower name department
204,user manager employee email department
205,user email office job title employee empower name cost center join date
206,user email office department manager employee empower cost center
207,user empower manager employee email office join date
208,user office department manager employee name cost center
209,user name email job title employee department join date
210,user empower cost center manager employee name office department join date
211,employee user cost center empower name office department join date
212,user email job title manager join date employee empower department
213,user employee email cost center office department job title join date empower name
214,user employee empower cost center manager name office join date
215,user email department manager employee name cost center join date
216,user employee email job title manager office
217,user employee email office job title manager join date
218,employee user email job title manager empower office
219,user employee name cost center join date empower office
220,user employee department job title join date email cost center office
221,user employee name department manager cost center office join date
222,user empower name email employee cost center office
223,user empower name manager employee department join date
224,user job title manager join date employee empower name email cost center office
225,user office job title join date employee name email department
226,user cost center office job title manager employee name join date
227,user name email office job title join date employee empower
228,employee user empower name cost center department job title manager email join date
229,user name office department manager employee empower cost center join date
230,user email office employee empower
231,employee user name cost center office department job title manager empower join date
232,user employee cost center job title empower name email department
233,user empower email cost center office department employee name join date
234,employee user cost center job title join date empower department
235,user empower job title employee email
236,user employee empower name email department manager cost center office join date
237,user employee email cost center job title manager empower name join date
238,user employee cost center office department manager join date name
239,user email cost center job title manager employee name department
240,user employee empower email job title name department join date
241,employee user empower email join date name cost center office
242,user employee email cost center
243,user employee email cost center office job title join date name department
244,user cost center department job title employee join date
245,employee user name cost center office job title empower department
246,user employee cost center department manager email
247,user empower department employee office
248,user empower office manager join date employee name cost center department
249,user empower cost center job title employee email office department
250,employee user name join date empower email department
251,user name department manager join date employee empower email
252,user employee office job title manager empower email department
253,user office employee empower name email department join date
254,user empower email cost center manager employee department
255,user job title employee name office department join date
256,user employee job title manager empower office department join date
257,employee name cost center office department join date
258,user office department manager employee name email
259,employee user email cost center job title manager empower join date
260,user email cost center job title join date employee empower office department
261,employee name cost center department
262,user cost center employee department join date
263,user name department job title manager join date employee email cost center office
264,user employee cost center manager join date name email office
265,employee user name office job title manager empower email cost center department join date
266,user email cost center job title manager join date employee office
267,user employee name email cost center job title empower join date
268,user employee empower name manager email cost center office department
269,user employee email cost center office job title empower department join date
270,user name cost center department employee empower email office join date
271,user empower email manager join date employee name cost center department
272,employee user email office job title name cost center join date
273,user employee email cost center department job title empower office
274,user empower email cost center department manager employee office
275,employee user cost center manager join date empower name
276,user employee office manager empower name email cost center join date
277,employee manager user join date empower name cost center office department
278,employee user empower cost center manager name email
279,employee job title name cost center office department join date
280,employee user email join date empower office department
281,user empower office job title manager join date employee name email cost center
282,employee user email cost center department job title empower name
283,manager user join date employee name cost center office department
284,user employee empower email office join date
285,user email cost center job title employee name office
286,employee user name email office department manager join date cost center
287,employee user email cost center empower join date
288,user cost center manager join date employee name email office department
289,user employee cost center office name join date
290,user employee empower name job title email join date
291,employee user office job title manager department join date
292,employee user email cost center job title empower name office join date
293,user email cost center office job title employee empower
294,user employee empower name cost center email office department
295,employee user cost center manager empower department
296,user empower email cost center office join date employee name
297,user employee empower job title manager name email office join date
298,user employee empower cost center office job title manager join date name email
299,user empower email job title manager join date employee name cost center department
300,productivity type measure timesheet
301,productivity type operation
302,productivity measure timesheet
303,operation productivity measure timesheet
304,productivity type operation measure
305,operation
306,operation productivity measure
307,productivity type timesheet
308,productivity type
309,timesheet
310,productivity type operation timesheet
311,productivity type measure
312,productivity type operation measure timesheet
313,productivity measure
314,operation timesheet
315,timesheet employee perform work
316,employee activity cost code perform
317,user work employee activity date
318,user activity date employee perform work
319,timesheet user activity cost code employee date perform work
320,timesheet user activity employee perform
321,timesheet user activity perform work employee cost code
322,user work employee activity cost code
323,employee activity date cost code
324,timesheet user activity employee date work
325,timesheet user activity date employee perform
326,employee activity
327,timesheet user work employee activity date cost code perform
328,timesheet employee activity date
329,timesheet user activity perform employee cost code work
330,user perform employee work
331,timesheet user activity perform employee cost code
332,user activity date perform work employee
333,user perform work
334,timesheet user activity date employee cost code perform work
335,user work employee activity date perform
336,user work employee activity perform
337,timesheet user activity employee work
338,user perform employee activity work
339,user perform employee
340,timesheet user activity employee date
341,user activity date employee cost code perform work
342,employee activity date work
343,user activity perform employee
344,timesheet employee activity perform
345,timesheet user activity cost code employee
346,timesheet user work employee activity perform
347,employee activity date cost code perform work
348,user activity cost code employee date work
349,user work employee activity
350,timesheet user activity cost code perform
351,user activity date employee perform
352,user activity date perform work employee cost code
353,timesheet user activity employee cost code work
354,timesheet user activity cost code employee date
355,timesheet user activity work
356,user perform work employee
357,timesheet user activity perform work employee
358,user activity date employee cost code perform
359,user perform employee activity date cost code
360,timesheet user activity cost code work employee
361,employee work
362,user activity date cost code work employee perform
363,timesheet user activity perform work employee date
364,timesheet user activity cost code perform employee
365,timesheet user activity date cost code employee perform
366,user activity work employee
367,timesheet employee activity date cost code perform work
368,employee activity cost code
369,timesheet user perform employee activity cost code
370,user activity cost code work employee date perform
371,timesheet
372,timesheet user activity cost code employee perform
373,timesheet employee activity date cost code
374,timesheet user activity date cost code employee perform work
375,user perform employee activity date work
376,timesheet user activity work employee date cost code
377,timesheet user work employee activity cost code perform
378,timesheet employee activity date perform work
379,user activity cost code employee date perform
380,timesheet user work employee activity date perform
381,user activity work employee date cost code
382,timesheet user work employee activity
383,user perform work employee activity cost code
384,timesheet user perform employee activity cost code work
385,user activity cost code perform employee work
386,user activity date work
387,user perform
388,user activity perform employee cost code work
389,timesheet user activity date cost code perform
390,user activity employee date cost code perform work
391,user activity employee date work
392,user work employee activity date cost code perform
393,user activity cost code perform work employee date
394,user activity employee date perform work
395,timesheet user activity employee date cost code perform work
396,user activity date employee
397,user activity date work employee cost code perform
398,user activity perform work employee
399,timesheet user activity date cost code
400,user activity cost code perform work
401,user activity perform employee date cost code
402,timesheet user activity date perform work employee cost code
403,timesheet user activity work employee perform
404,timesheet user activity date employee work
405,timesheet user activity employee date cost code perform
406,user activity employee cost code perform work
407,user perform employee activity cost code work
408,timesheet user activity work employee
409,timesheet user activity date work employee
410,timesheet user activity employee
411,user activity perform work employee date
412,user work employee activity cost code perform
413,timesheet user perform work employee activity date cost code
414,timesheet user perform employee
415,activity user perform operation date cost code work
416,timesheet employee operation work
417,timesheet operation user perform employee work
418,operation user date employee work
419,activity user operation cost code employee perform work
420,operation activity user date
421,timesheet operation user cost code employee perform
422,activity employee operation cost code
423,operation activity user perform work employee cost code
424,operation user date cost code employee perform work
425,activity employee operation date cost code work
426,operation user work employee perform
427,operation activity user date cost code employee
428,operation user work employee perform cost code
429,activity user operation cost code work employee perform date
430,timesheet activity user operation cost code employee perform date work
431,activity
432,timesheet activity user perform operation work employee cost code
433,timesheet user perform operation cost code employee work
434,operation user date cost code employee perform
435,timesheet operation user cost code
436,timesheet user perform employee operation date work
437,timesheet operation user perform work employee
438,user operation work employee perform
439,activity user perform employee operation date cost code work
440,timesheet user perform employee operation date cost code
441,operation user perform date cost code
442,operation activity user perform date employee
443,operation activity user perform date employee cost code
444,timesheet operation user date cost code employee work
445,timesheet activity user operation cost code
446,timesheet operation activity user perform date employee
447,operation activity employee perform date cost code
448,operation user perform date employee cost code
449,timesheet operation user perform date work employee
450,timesheet activity user perform employee operation date cost code
451,timesheet operation employee perform work
452,user perform operation date cost code employee
453,timesheet activity user perform employee operation work
454,timesheet activity user operation cost code employee perform work
455,timesheet operation user perform employee
456,timesheet activity user perform operation cost code work
457,operation activity user date employee cost code work
458,timesheet activity user perform operation date work employee cost code
459,operation activity user date cost code employee perform work
460,timesheet operation user perform cost code employee date work
461,timesheet operation activity employee perform date cost code
462,timesheet operation activity user perform employee date work
463,operation activity user perform employee date cost code
464,operation user perform cost code employee date
465,operation activity user perform date work
466,timesheet activity user perform operation date work
467,timesheet activity user operation work employee date
468,user operation cost code employee perform
469,user operation date work employee
470,timesheet operation activity
471,activity user operation work employee date
472,operation activity user perform date work employee
473,operation employee perform cost code
474,user perform operation work employee
475,operation user perform date work employee cost code
476,activity user operation date cost code work employee
477,timesheet operation activity user cost code employee perform work
478,operation user perform cost code
479,operation activity user cost code work
480,user operation cost code employee date work
481,operation user work employee
482,timesheet operation user work employee perform cost code
483,operation user date cost code work employee
484,timesheet user perform operation work employee
485,timesheet operation user date cost code work employee
486,timesheet operation activity user perform work employee cost code
487,operation activity user perform employee cost code work
488,timesheet operation user date employee perform cost code work
489,timesheet activity user perform operation date cost code employee
490,user perform operation date
491,timesheet activity user perform operation date employee cost code work
492,activity user operation cost code work employee date
493,operation user perform date cost code work
494,timesheet operation activity employee perform date work
495,employee perform
496,timesheet operation activity user perform employee cost code work
497,operation activity user work employee perform date
498,timesheet activity user operation date cost code work employee
499,timesheet user perform employee operation date
500,timesheet operation activity user work employee date
501,operation user perform date cost code employee
502,timesheet operation user date work employee
503,timesheet user operation date cost code employee
504,timesheet
505,timesheet activity user perform employee operation cost code work
506,timesheet user operation date employee perform
507,timesheet operation activity employee date cost code
508,user operation date employee perform cost code work
509,timesheet user operation cost code work employee perform date
510,operation activity user perform work employee date
511,timesheet activity user perform employee operation date
512,timesheet operation employee cost code work
513,operation employee perform date
514,timesheet operation user work employee date
515,activity type
516,operation type activity
517,timesheet operation activity
518,timesheet
519,timesheet operation type
520,timesheet operation activity type
521,operation activity
522,timesheet activity
523,operation
524,timesheet operation
525,timesheet activity type
526,operation activity type
527,timesheet activity operation type
528,activity
529,operation type
530,activity operation type
531,timesheet operation type activity
532,operation type
533,timesheet operation type activity
534,activity type
535,timesheet activity type
536,timesheet
537,operation type activity
538,timesheet operation type
539,client
540,empower client name
541,client name
542,client empower
543,client empower name
544,empower client
545,department empower manager
546,department empower
547,empower department manager
548,empower department
549,department manager
550,manager department
551,department
552,country office currency adress city
553,office region country currency adress
554,region office country currency
555,manager office adress city
556,office empower country currency city
557,empower office currency adress
558,office empower manager region country currency adress
559,office manager adress city
560,office empower manager region country currency adress city
561,office empower manager adress city
562,region office country currency adress city
563,manager office currency adress city
564,office manager country currency adress
565,office manager country currency
566,empower office city
567,office manager region country currency
568,manager office region adress
569,office manager region country adress
570,empower office currency
571,empower office region country
572,office currency adress
573,office manager country currency adress city
574,office region city
575,region office
576,office city
577,office empower manager country currency
578,office empower manager region country currency
579,empower office currency city
580,manager office region city
581,office empower manager country currency adress city
582,office currency adress city
583,region office currency city
584,office empower manager region currency city
585,office empower city
586,empower office manager country
587,empower office manager currency city
588,manager office region country currency
589,empower office manager country adress
590,region office country adress
591,empower office manager
592,office empower country
593,office region country currency adress city
594,office region currency
595,empower office region country currency adress city
596,empower office country currency adress
597,office empower manager country city
598,manager office adress
599,office manager currency
600,office empower currency
601,office empower adress city
602,office manager country currency city
603,office empower region adress city
604,office empower country city
605,region office country currency city
606,office empower manager region
607,office empower region country currency city
608,office manager region country adress city
609,empower office manager region country currency city
610,office manager currency adress city
611,office region country currency city
612,empower office currency adress city
613,region office currency
614,office manager country adress
615,manager office region country adress
616,office manager region currency
617,office country currency adress
618,manager office region adress city
619,office empower manager region country city
620,empower office region currency city
621,office manager region adress city
622,region office country city
623,empower office adress city
624,region office country currency adress
625,empower office manager region country currency adress city
626,office empower currency adress city
627,office empower region adress
628,office region currency city
629,manager office currency adress
630,office empower manager region currency adress city
631,empower office region country adress
632,country office adress
633,office empower currency city
634,office empower manager region currency
635,office country adress
636,office region
637,country office
638,empower office manager region country currency adress
639,manager office country city
640,manager office city
641,empower office region country currency city
642,office empower manager region adress city
643,office manager region country
644,office manager
645,manager office country adress
646,empower office manager region currency adress
647,empower office manager region country
648,empower office region country city
649,manager office country currency city
650,empower office
651,empower office country currency adress city
652,language name id helix
653,language name helix
654,language group helix
655,language id helix empower
656,language name id code empower
657,language id helix
658,language name id empower
659,language id group helix
660,language name id code group empower
661,language group
662,language name group
663,language name code empower
664,language name code group
665,language code helix empower
666,language name code group helix
667,language id code group empower
668,language name code
669,language id group helix empower
670,language code group helix empower
671,language group helix empower
672,language name id group empower
673,language id code group helix
674,language name id code
675,language helix
676,language id code group helix empower
677,language code
678,language code helix
679,language name code group helix empower
680,language id code group
681,language name helix empower
682,language name id helix empower
683,language name id group helix
684,language id code
685,language name group helix empower
686,language name code helix empower
687,language name code helix
688,language name group helix
689,language name id code helix empower
690,language name id code group helix empower
691,language name id code helix
692,language id code helix empower
693,language empower
694,language name id
695,language name
696,language
697,language code group helix
698,language name code group empower
699,language name empower
700,language id code helix
701,language name id group helix empower
702,language code group empower
703,language code empower
704,language helix empower
705,language name id code group helix
706,language id code empower
707,language name id group
708,language id empower
709,language id
710,language id group empower
711,language code group
712,language name id code group
713,language name group empower
714,language group empower
715,language id group
716,freelancer helix id capacity vendor status type
717,freelancer name status vendor helix code user mother tongue type
718,freelancer capacity type vendor name user mother tongue
719,freelancer id name vendor user email type
720,freelancer name status mother tongue vendor helix id code user type
721,freelancer code email mother tongue vendor helix status
722,freelancer status vendor helix id code email
723,freelancer type vendor user name email capacity
724,freelancer helix code vendor name user capacity
725,freelancer helix id user name vendor email
726,freelancer id vendor name capacity mother tongue type
727,freelancer id name user capacity vendor helix status mother tongue type
728,freelancer id name capacity mother tongue vendor email
729,freelancer email type vendor helix code user name mother tongue
730,freelancer helix code vendor name status mother tongue type
731,freelancer code vendor helix capacity type
732,freelancer id code capacity vendor helix user name email status mother tongue
733,freelancer mother tongue vendor id name user email status capacity type
734,freelancer helix mother tongue vendor id name status type
735,freelancer helix id name capacity mother tongue vendor code user email status
736,freelancer helix user name email vendor id code status capacity mother tongue
737,freelancer name type vendor helix id code status mother tongue
738,freelancer code name mother tongue type vendor helix id
739,freelancer helix name type vendor id
740,freelancer id code status mother tongue type vendor name user email
741,freelancer code email capacity type vendor name user status mother tongue
742,freelancer id capacity mother tongue vendor email status type
743,freelancer code status mother tongue vendor id name email capacity
744,freelancer helix code email mother tongue type vendor id name user capacity
745,freelancer helix id vendor code user name email capacity mother tongue type
746,freelancer email capacity type vendor helix user name status mother tongue
747,freelancer name user vendor helix capacity mother tongue
748,freelancer name type vendor email status capacity
749,freelancer id code mother tongue vendor name user email type
750,freelancer name mother tongue vendor helix code user email status capacity
751,freelancer code name email capacity mother tongue type vendor id user
752,freelancer id code user name vendor helix status capacity type
753,freelancer id mother tongue vendor helix code email status type
754,freelancer code name status capacity type vendor email
755,freelancer capacity type vendor helix user name status mother tongue
756,freelancer helix email capacity vendor id code user name type
757,freelancer name capacity mother tongue vendor helix user email type
758,freelancer helix status vendor id code name email mother tongue
759,freelancer name status
760,freelancer id name type vendor helix code status capacity
761,freelancer helix id vendor name email status capacity mother tongue
762,freelancer id code user name capacity mother tongue type vendor helix email
763,freelancer vendor helix id code status mother tongue type
764,freelancer helix email status mother tongue vendor code user name capacity
765,freelancer user name capacity mother tongue vendor code status
766,freelancer id code mother tongue type vendor name user email
767,freelancer name email status vendor helix id user capacity type
768,freelancer capacity vendor helix name user status
769,freelancer capacity mother tongue type vendor user name email status
770,freelancer id name status vendor code user email mother tongue
771,freelancer user name email type vendor capacity
772,freelancer id user name capacity mother tongue vendor type
773,freelancer helix email vendor id capacity mother tongue
774,freelancer vendor helix code name email status
775,freelancer name email status vendor helix id code mother tongue type
776,freelancer helix code name user capacity vendor status
777,freelancer user name mother tongue vendor helix capacity type
778,freelancer code type vendor
779,freelancer vendor helix user name email status capacity mother tongue type
780,freelancer id code user name email mother tongue vendor helix status type
781,freelancer id vendor code name user capacity type
782,freelancer email type vendor helix capacity
783,freelancer name user status type vendor id capacity
784,freelancer id mother tongue vendor user name email status type
785,freelancer helix email capacity vendor id code name mother tongue
786,freelancer helix capacity mother tongue vendor id code status type
787,freelancer helix code type vendor id user name
788,freelancer status capacity mother tongue vendor id code name user email type
789,freelancer helix id user name mother tongue vendor capacity
790,freelancer helix id name vendor type
791,freelancer status vendor helix id code capacity mother tongue type
792,freelancer id name user type vendor status capacity
793,freelancer id name user email status capacity vendor mother tongue
794,freelancer vendor code user name email status mother tongue
795,freelancer id user name status capacity mother tongue vendor helix type
796,freelancer email type vendor helix id status capacity mother tongue
797,freelancer user name mother tongue vendor id status capacity type
798,freelancer helix id capacity mother tongue vendor user name status
799,freelancer id user name email capacity vendor helix code status mother tongue type
800,freelancer code email mother tongue vendor name user
801,freelancer id type vendor name email status mother tongue
802,freelancer status mother tongue vendor id code email
803,freelancer id code status mother tongue vendor user name email capacity type
804,freelancer helix id code name email mother tongue vendor status capacity type
805,freelancer helix capacity vendor id user name mother tongue
806,freelancer id email type vendor code name user capacity mother tongue
807,freelancer email capacity vendor helix code name user mother tongue type
808,freelancer helix id code name user type vendor capacity
809,freelancer code email vendor helix id user name capacity
810,freelancer code name email type vendor helix status mother tongue
811,freelancer name user email capacity mother tongue vendor helix code status type
812,freelancer id code name capacity vendor user status type
813,freelancer id name vendor helix user type
814,freelancer helix email capacity mother tongue vendor id code name user type
815,freelancer id code email mother tongue vendor user name status
